<?xml version="1.0" encoding="UTF-8"?>
<export version="D">
  <design>
    <source>C:\Users\malbe\Documents\UniJazz\DUSC_local\PCBs\DriverControlsBoard_060402020\DriverControlsBoard.sch</source>
    <date>06/04/2020 16:44:35</date>
    <tool>Eeschema (5.1.5)-3</tool>
    <sheet number="1" name="/" tstamps="/">
      <title_block>
        <title>Driver Controls Board</title>
        <company>DUEM</company>
        <rev>1</rev>
        <date>2020-04-06</date>
        <source>DriverControlsBoard.sch</source>
        <comment number="1" value=""/>
        <comment number="2" value=""/>
        <comment number="3" value=""/>
        <comment number="4" value=""/>
      </title_block>
    </sheet>
  </design>
  <components>
    <comp ref="U1">
      <value>MCP2561-E-P</value>
      <footprint>Package_DIP:DIP-8_W7.62mm</footprint>
      <datasheet>http://ww1.microchip.com/downloads/en/DeviceDoc/25167A.pdf</datasheet>
      <libsource lib="Interface_CAN_LIN" part="MCP2561-E-P" description="High-Speed CAN Transceiver, 1Mbps, 5V supply, SPLIT pin, -40C to +125C, DIP8 package"/>
      <sheetpath names="/" tstamps="/"/>
      <tstamp>5D6A8631</tstamp>
    </comp>
    <comp ref="LPC1">
      <value>LPC1768-mbed</value>
      <footprint>DUSCBOARDS1:LPC1768</footprint>
      <libsource lib="DriverControlsBoard-rescue" part="LPC1768-mbed-DUEM" description=""/>
      <sheetpath names="/" tstamps="/"/>
      <tstamp>5D7175EF</tstamp>
    </comp>
    <comp ref="U4">
      <value>CAN_CONN</value>
      <footprint>DUSCBOARDS1:T4145015051001</footprint>
      <libsource lib="DriverControlsBoard-rescue" part="CAN_CONN-DUEM" description=""/>
      <sheetpath names="/" tstamps="/"/>
      <tstamp>5D71CBF4</tstamp>
    </comp>
    <comp ref="U6">
      <value>DISP_CONN</value>
      <footprint>DUSCBOARDS1:SHDR4W100P0X250_1X4_1190X1010X810P</footprint>
      <libsource lib="DriverControlsBoard-rescue" part="DISP_CONN-DUEM" description=""/>
      <sheetpath names="/" tstamps="/"/>
      <tstamp>5D71DA39</tstamp>
    </comp>
    <comp ref="U5">
      <value>POWER_CONN</value>
      <footprint>DUSCBOARDS1:SHDR2W100P0X250_1X2_690X1010X810P</footprint>
      <libsource lib="DriverControlsBoard-rescue" part="POWER_CONN-DUEM" description=""/>
      <sheetpath names="/" tstamps="/"/>
      <tstamp>5D71FC53</tstamp>
    </comp>
    <comp ref="U2">
      <value>OKI-78SR-5_1.5-W36-C</value>
      <footprint>Converter_DCDC:Converter_DCDC_muRata_OKI-78SR_Vertical</footprint>
      <datasheet>https://power.murata.com/data/power/oki-78sr.pdf</datasheet>
      <libsource lib="Converter_DCDC" part="OKI-78SR-5_1.5-W36-C" description="1.5A Step-Down DC/DC-Regulator, 7-36V input, 5V fixed Output Voltage, LM78xx replacement, -40°C to +85°C, OKI-78SR_Vertical"/>
      <sheetpath names="/" tstamps="/"/>
      <tstamp>5D7201E1</tstamp>
    </comp>
    <comp ref="R1">
      <value>2.2k</value>
      <footprint>Resistor_THT:R_Axial_DIN0309_L9.0mm_D3.2mm_P12.70mm_Horizontal</footprint>
      <datasheet>~</datasheet>
      <libsource lib="Device" part="R" description="Resistor"/>
      <sheetpath names="/" tstamps="/"/>
      <tstamp>5D72C9D7</tstamp>
    </comp>
    <comp ref="R2">
      <value>2.2k</value>
      <footprint>Resistor_THT:R_Axial_DIN0309_L9.0mm_D3.2mm_P12.70mm_Horizontal</footprint>
      <datasheet>~</datasheet>
      <libsource lib="Device" part="R" description="Resistor"/>
      <sheetpath names="/" tstamps="/"/>
      <tstamp>5D72CE8F</tstamp>
    </comp>
    <comp ref="U3">
      <value>BRAKE_ACCEL_CONN</value>
      <footprint>DUSCBOARDS1:Phoenix5Way2.5mmpitchPCBConnector</footprint>
      <libsource lib="DriverControlsBoard-rescue" part="BRAKE_ACCEL_CONN-DUEM" description=""/>
      <sheetpath names="/" tstamps="/"/>
      <tstamp>5D72DB5F</tstamp>
    </comp>
    <comp ref="J1">
      <value>CURR_3V3   CURR_VOUT    CURR_GND</value>
      <footprint>DUSCBOARDS1:3wire</footprint>
      <datasheet>~</datasheet>
      <libsource lib="Connector" part="Screw_Terminal_01x03" description="Generic screw terminal, single row, 01x03, script generated (kicad-library-utils/schlib/autogen/connector/)"/>
      <sheetpath names="/" tstamps="/"/>
      <tstamp>5E565B80</tstamp>
    </comp>
    <comp ref="J2">
      <value>SPEED_3V3   SPEED_VOUT    SPEED_GND</value>
      <footprint>DUSCBOARDS1:3wire</footprint>
      <datasheet>~</datasheet>
      <libsource lib="Connector" part="Screw_Terminal_01x03" description="Generic screw terminal, single row, 01x03, script generated (kicad-library-utils/schlib/autogen/connector/)"/>
      <sheetpath names="/" tstamps="/"/>
      <tstamp>5E571247</tstamp>
    </comp>
    <comp ref="J3">
      <value>IGN_GND    IGN_OUT</value>
      <footprint>DUSCBOARDS1:2wire</footprint>
      <datasheet>~</datasheet>
      <libsource lib="Connector" part="Screw_Terminal_01x02" description="Generic screw terminal, single row, 01x02, script generated (kicad-library-utils/schlib/autogen/connector/)"/>
      <sheetpath names="/" tstamps="/"/>
      <tstamp>5E582F7F</tstamp>
    </comp>
    <comp ref="J4">
      <value>REGEN_GND    REGEN_OUT</value>
      <footprint>DUSCBOARDS1:2wire</footprint>
      <datasheet>~</datasheet>
      <libsource lib="Connector" part="Screw_Terminal_01x02" description="Generic screw terminal, single row, 01x02, script generated (kicad-library-utils/schlib/autogen/connector/)"/>
      <sheetpath names="/" tstamps="/"/>
      <tstamp>5E595E48</tstamp>
    </comp>
    <comp ref="J5">
      <value>REV_GND    REV_OUT</value>
      <footprint>DUSCBOARDS1:2wire</footprint>
      <datasheet>~</datasheet>
      <libsource lib="Connector" part="Screw_Terminal_01x02" description="Generic screw terminal, single row, 01x02, script generated (kicad-library-utils/schlib/autogen/connector/)"/>
      <sheetpath names="/" tstamps="/"/>
      <tstamp>5E598EAA</tstamp>
    </comp>
    <comp ref="R3">
      <value>CANTermResist</value>
      <footprint>Resistor_THT:R_Axial_DIN0309_L9.0mm_D3.2mm_P12.70mm_Horizontal</footprint>
      <datasheet>~</datasheet>
      <libsource lib="Device" part="R" description="Resistor"/>
      <sheetpath names="/" tstamps="/"/>
      <tstamp>5E5D6DE6</tstamp>
    </comp>
    <comp ref="SW1">
      <value>CanUNot</value>
      <footprint>Resistor_THT:R_Axial_DIN0309_L9.0mm_D3.2mm_P12.70mm_Horizontal</footprint>
      <datasheet>~</datasheet>
      <libsource lib="Switch" part="SW_DIP_x01" description="1x DIP Switch, Single Pole Single Throw (SPST) switch, small symbol"/>
      <sheetpath names="/" tstamps="/"/>
      <tstamp>5E6084DC</tstamp>
    </comp>
  </components>
  <libparts>
    <libpart lib="Connector" part="Screw_Terminal_01x02">
      <description>Generic screw terminal, single row, 01x02, script generated (kicad-library-utils/schlib/autogen/connector/)</description>
      <docs>~</docs>
      <footprints>
        <fp>TerminalBlock*:*</fp>
      </footprints>
      <fields>
        <field name="Reference">J</field>
        <field name="Value">Screw_Terminal_01x02</field>
      </fields>
      <pins>
        <pin num="1" name="Pin_1" type="passive"/>
        <pin num="2" name="Pin_2" type="passive"/>
      </pins>
    </libpart>
    <libpart lib="Connector" part="Screw_Terminal_01x03">
      <description>Generic screw terminal, single row, 01x03, script generated (kicad-library-utils/schlib/autogen/connector/)</description>
      <docs>~</docs>
      <footprints>
        <fp>TerminalBlock*:*</fp>
      </footprints>
      <fields>
        <field name="Reference">J</field>
        <field name="Value">Screw_Terminal_01x03</field>
      </fields>
      <pins>
        <pin num="1" name="Pin_1" type="passive"/>
        <pin num="2" name="Pin_2" type="passive"/>
        <pin num="3" name="Pin_3" type="passive"/>
      </pins>
    </libpart>
    <libpart lib="Converter_DCDC" part="OKI-78SR-3.3_1.5-W36-C">
      <aliases>
        <alias>OKI-78SR-5_1.5-W36-C</alias>
        <alias>OKI-78SR-12_1.0-W36-C</alias>
      </aliases>
      <description>1.5A Step-Down DC/DC-Regulator, 7-36V input, 3.3V fixed Output Voltage, LM78xx replacement, -40°C to +85°C, OKI-78SR_Vertical</description>
      <docs>https://power.murata.com/data/power/oki-78sr.pdf</docs>
      <footprints>
        <fp>Converter*DCDC*muRata*OKI*78SR*Vertical*</fp>
      </footprints>
      <fields>
        <field name="Reference">U</field>
        <field name="Value">OKI-78SR-3.3_1.5-W36-C</field>
        <field name="Footprint">Converter_DCDC:Converter_DCDC_muRata_OKI-78SR_Vertical</field>
      </fields>
      <pins>
        <pin num="1" name="IN" type="power_in"/>
        <pin num="2" name="GND" type="power_in"/>
        <pin num="3" name="OUT" type="power_out"/>
      </pins>
    </libpart>
    <libpart lib="Device" part="R">
      <description>Resistor</description>
      <docs>~</docs>
      <footprints>
        <fp>R_*</fp>
      </footprints>
      <fields>
        <field name="Reference">R</field>
        <field name="Value">R</field>
      </fields>
      <pins>
        <pin num="1" name="~" type="passive"/>
        <pin num="2" name="~" type="passive"/>
      </pins>
    </libpart>
    <libpart lib="DriverControlsBoard-rescue" part="BRAKE_ACCEL_CONN-DUEM">
      <fields>
        <field name="Reference">U</field>
        <field name="Value">BRAKE_ACCEL_CONN-DUEM</field>
      </fields>
      <pins>
        <pin num="1" name="ACCEL_OUT" type="passive"/>
        <pin num="2" name="ACCEL_IN" type="passive"/>
        <pin num="3" name="BRAKE_IN" type="passive"/>
        <pin num="4" name="BRAKE_OUT" type="passive"/>
        <pin num="5" name="BRAKE_NOT_PRESSED" type="passive"/>
      </pins>
    </libpart>
    <libpart lib="DriverControlsBoard-rescue" part="CAN_CONN-DUEM">
      <fields>
        <field name="Reference">U</field>
        <field name="Value">CAN_CONN-DUEM</field>
      </fields>
      <pins>
        <pin num="1" name="CAN_SHLD" type="passive"/>
        <pin num="2" name="CAN_V+" type="power_out"/>
        <pin num="3" name="CAN_GND" type="passive"/>
        <pin num="4" name="CAN_H" type="passive"/>
        <pin num="5" name="CAN_L" type="passive"/>
      </pins>
    </libpart>
    <libpart lib="DriverControlsBoard-rescue" part="DISP_CONN-DUEM">
      <fields>
        <field name="Reference">U</field>
        <field name="Value">DISP_CONN-DUEM</field>
      </fields>
      <pins>
        <pin num="1" name="V+" type="power_in"/>
        <pin num="2" name="V-" type="passive"/>
        <pin num="3" name="SDA" type="passive"/>
        <pin num="4" name="SCK" type="passive"/>
      </pins>
    </libpart>
    <libpart lib="DriverControlsBoard-rescue" part="LPC1768-mbed-DUEM">
      <fields>
        <field name="Reference">LPC1768</field>
        <field name="Value">LPC1768-mbed-DUEM</field>
      </fields>
      <pins>
        <pin num="1" name="GND" type="power_out"/>
        <pin num="2" name="VIN" type="power_in"/>
        <pin num="3" name="VB" type="power_out"/>
        <pin num="4" name="nR" type="input"/>
        <pin num="5" name="mosi" type="BiDi"/>
        <pin num="6" name="miso" type="BiDi"/>
        <pin num="7" name="sck" type="BiDi"/>
        <pin num="8" name="~" type="BiDi"/>
        <pin num="9" name="tx/sda" type="output"/>
        <pin num="10" name="rx/scl" type="input"/>
        <pin num="11" name="mosi" type="output"/>
        <pin num="12" name="miso" type="input"/>
        <pin num="13" name="tx/sck" type="output"/>
        <pin num="14" name="rx" type="input"/>
        <pin num="15" name="~" type="input"/>
        <pin num="16" name="~" type="input"/>
        <pin num="17" name="~" type="input"/>
        <pin num="18" name="~" type="input"/>
        <pin num="19" name="~" type="input"/>
        <pin num="20" name="~" type="input"/>
        <pin num="21" name="~" type="output"/>
        <pin num="22" name="~" type="output"/>
        <pin num="23" name="~" type="output"/>
        <pin num="24" name="~" type="output"/>
        <pin num="25" name="~" type="output"/>
        <pin num="26" name="~" type="output"/>
        <pin num="27" name="scl/rx" type="input"/>
        <pin num="28" name="sda/tx" type="output"/>
        <pin num="29" name="td" type="output"/>
        <pin num="30" name="rd" type="input"/>
        <pin num="31" name="D+" type="BiDi"/>
        <pin num="32" name="D-" type="BiDi"/>
        <pin num="33" name="TD+" type="power_out"/>
        <pin num="34" name="TD-" type="BiDi"/>
        <pin num="35" name="RD+" type="BiDi"/>
        <pin num="36" name="RD-" type="output"/>
        <pin num="37" name="IF+" type="power_out"/>
        <pin num="38" name="IF-" type="power_out"/>
        <pin num="39" name="VU" type="power_out"/>
        <pin num="40" name="VOUT" type="power_out"/>
      </pins>
    </libpart>
    <libpart lib="DriverControlsBoard-rescue" part="POWER_CONN-DUEM">
      <fields>
        <field name="Reference">U</field>
        <field name="Value">POWER_CONN-DUEM</field>
      </fields>
      <pins>
        <pin num="1" name="V_IN" type="power_in"/>
        <pin num="2" name="GND" type="passive"/>
      </pins>
    </libpart>
    <libpart lib="Interface_CAN_LIN" part="MCP2561-E-P">
      <aliases>
        <alias>MCP2561-H-P</alias>
      </aliases>
      <description>High-Speed CAN Transceiver, 1Mbps, 5V supply, SPLIT pin, -40C to +125C, DIP8 package</description>
      <docs>http://ww1.microchip.com/downloads/en/DeviceDoc/25167A.pdf</docs>
      <footprints>
        <fp>DIP*W7.62mm*</fp>
      </footprints>
      <fields>
        <field name="Reference">U</field>
        <field name="Value">MCP2561-E-P</field>
        <field name="Footprint">Package_DIP:DIP-8_W7.62mm</field>
      </fields>
      <pins>
        <pin num="1" name="TXD" type="input"/>
        <pin num="2" name="VSS" type="power_in"/>
        <pin num="3" name="VDD" type="power_in"/>
        <pin num="4" name="RXD" type="output"/>
        <pin num="5" name="SPLIT" type="passive"/>
        <pin num="6" name="CANL" type="BiDi"/>
        <pin num="7" name="CANH" type="BiDi"/>
        <pin num="8" name="STBY" type="input"/>
      </pins>
    </libpart>
    <libpart lib="Switch" part="SW_DIP_x01">
      <description>1x DIP Switch, Single Pole Single Throw (SPST) switch, small symbol</description>
      <docs>~</docs>
      <footprints>
        <fp>SW?DIP?x1*</fp>
      </footprints>
      <fields>
        <field name="Reference">SW</field>
        <field name="Value">SW_DIP_x01</field>
      </fields>
      <pins>
        <pin num="1" name="~" type="passive"/>
        <pin num="2" name="~" type="passive"/>
      </pins>
    </libpart>
  </libparts>
  <libraries>
    <library logical="Connector">
      <uri>C:\Program Files\KiCad\share\kicad\library/Connector.lib</uri>
    </library>
    <library logical="Converter_DCDC">
      <uri>C:\Program Files\KiCad\share\kicad\library/Converter_DCDC.lib</uri>
    </library>
    <library logical="Device">
      <uri>C:\Program Files\KiCad\share\kicad\library/Device.lib</uri>
    </library>
    <library logical="DriverControlsBoard-rescue">
      <uri>C:\Users\malbe\Documents\UniJazz\DUSC_local\PCBs\DriverControlsBoard_060402020/DriverControlsBoard-rescue.lib</uri>
    </library>
    <library logical="Interface_CAN_LIN">
      <uri>C:\Program Files\KiCad\share\kicad\library/Interface_CAN_LIN.lib</uri>
    </library>
    <library logical="Switch">
      <uri>C:\Program Files\KiCad\share\kicad\library/Switch.lib</uri>
    </library>
  </libraries>
  <nets>
    <net code="1" name="GND">
      <node ref="U4" pin="1"/>
      <node ref="J1" pin="1"/>
      <node ref="J5" pin="2"/>
      <node ref="J4" pin="2"/>
      <node ref="J3" pin="2"/>
      <node ref="J2" pin="1"/>
      <node ref="U4" pin="3"/>
      <node ref="U3" pin="3"/>
      <node ref="U3" pin="2"/>
      <node ref="U2" pin="2"/>
      <node ref="LPC1" pin="1"/>
      <node ref="U1" pin="8"/>
      <node ref="U1" pin="2"/>
      <node ref="U5" pin="2"/>
      <node ref="U6" pin="2"/>
    </net>
    <net code="2" name="3V3">
      <node ref="LPC1" pin="40"/>
      <node ref="J1" pin="3"/>
      <node ref="J2" pin="3"/>
    </net>
    <net code="3" name="Net-(LPC1-Pad3)">
      <node ref="LPC1" pin="3"/>
    </net>
    <net code="4" name="Net-(LPC1-Pad4)">
      <node ref="LPC1" pin="4"/>
    </net>
    <net code="5" name="Net-(LPC1-Pad5)">
      <node ref="LPC1" pin="5"/>
    </net>
    <net code="6" name="Net-(LPC1-Pad6)">
      <node ref="LPC1" pin="6"/>
    </net>
    <net code="7" name="Net-(LPC1-Pad7)">
      <node ref="LPC1" pin="7"/>
    </net>
    <net code="8" name="Net-(LPC1-Pad8)">
      <node ref="LPC1" pin="8"/>
    </net>
    <net code="9" name="Net-(J5-Pad1)">
      <node ref="LPC1" pin="23"/>
      <node ref="J5" pin="1"/>
    </net>
    <net code="10" name="Net-(J1-Pad2)">
      <node ref="LPC1" pin="15"/>
      <node ref="J1" pin="2"/>
    </net>
    <net code="11" name="Net-(J2-Pad2)">
      <node ref="LPC1" pin="16"/>
      <node ref="J2" pin="2"/>
    </net>
    <net code="12" name="Net-(J3-Pad1)">
      <node ref="J3" pin="1"/>
      <node ref="LPC1" pin="21"/>
    </net>
    <net code="13" name="Net-(J4-Pad1)">
      <node ref="LPC1" pin="22"/>
      <node ref="J4" pin="1"/>
    </net>
    <net code="14" name="Net-(LPC1-Pad9)">
      <node ref="LPC1" pin="9"/>
    </net>
    <net code="15" name="Net-(R3-Pad2)">
      <node ref="SW1" pin="2"/>
      <node ref="R3" pin="2"/>
    </net>
    <net code="16" name="Net-(R3-Pad1)">
      <node ref="U1" pin="6"/>
      <node ref="U4" pin="5"/>
      <node ref="R3" pin="1"/>
    </net>
    <net code="17" name="Net-(LPC1-Pad34)">
      <node ref="LPC1" pin="34"/>
    </net>
    <net code="18" name="Net-(LPC1-Pad10)">
      <node ref="LPC1" pin="10"/>
    </net>
    <net code="19" name="Net-(LPC1-Pad11)">
      <node ref="LPC1" pin="11"/>
    </net>
    <net code="20" name="Net-(LPC1-Pad12)">
      <node ref="LPC1" pin="12"/>
    </net>
    <net code="21" name="Net-(LPC1-Pad13)">
      <node ref="LPC1" pin="13"/>
    </net>
    <net code="22" name="Net-(LPC1-Pad14)">
      <node ref="LPC1" pin="14"/>
    </net>
    <net code="23" name="Net-(LPC1-Pad17)">
      <node ref="LPC1" pin="17"/>
    </net>
    <net code="24" name="Net-(LPC1-Pad18)">
      <node ref="LPC1" pin="18"/>
    </net>
    <net code="25" name="Net-(LPC1-Pad19)">
      <node ref="LPC1" pin="19"/>
    </net>
    <net code="26" name="Net-(LPC1-Pad20)">
      <node ref="LPC1" pin="20"/>
    </net>
    <net code="27" name="Net-(LPC1-Pad39)">
      <node ref="LPC1" pin="39"/>
    </net>
    <net code="28" name="Net-(LPC1-Pad38)">
      <node ref="LPC1" pin="38"/>
    </net>
    <net code="29" name="Net-(LPC1-Pad37)">
      <node ref="LPC1" pin="37"/>
    </net>
    <net code="30" name="Net-(LPC1-Pad36)">
      <node ref="LPC1" pin="36"/>
    </net>
    <net code="31" name="Net-(LPC1-Pad35)">
      <node ref="LPC1" pin="35"/>
    </net>
    <net code="32" name="Net-(LPC1-Pad33)">
      <node ref="LPC1" pin="33"/>
    </net>
    <net code="33" name="Net-(LPC1-Pad32)">
      <node ref="LPC1" pin="32"/>
    </net>
    <net code="34" name="Net-(LPC1-Pad31)">
      <node ref="LPC1" pin="31"/>
    </net>
    <net code="35" name="Net-(LPC1-Pad26)">
      <node ref="LPC1" pin="26"/>
    </net>
    <net code="36" name="Net-(U1-Pad5)">
      <node ref="U1" pin="5"/>
    </net>
    <net code="37" name="Net-(U3-Pad5)">
      <node ref="U3" pin="5"/>
    </net>
    <net code="38" name="Net-(LPC1-Pad30)">
      <node ref="LPC1" pin="30"/>
      <node ref="U1" pin="4"/>
    </net>
    <net code="39" name="/12V_POWER">
      <node ref="U4" pin="2"/>
      <node ref="U2" pin="1"/>
      <node ref="U5" pin="1"/>
    </net>
    <net code="40" name="Net-(SW1-Pad1)">
      <node ref="SW1" pin="1"/>
      <node ref="U4" pin="4"/>
      <node ref="U1" pin="7"/>
    </net>
    <net code="41" name="Net-(LPC1-Pad28)">
      <node ref="U6" pin="3"/>
      <node ref="R1" pin="2"/>
      <node ref="LPC1" pin="28"/>
    </net>
    <net code="42" name="Net-(LPC1-Pad29)">
      <node ref="U1" pin="1"/>
      <node ref="LPC1" pin="29"/>
    </net>
    <net code="43" name="Net-(LPC1-Pad27)">
      <node ref="U6" pin="4"/>
      <node ref="LPC1" pin="27"/>
      <node ref="R2" pin="2"/>
    </net>
    <net code="44" name="Net-(LPC1-Pad25)">
      <node ref="LPC1" pin="25"/>
      <node ref="U3" pin="1"/>
    </net>
    <net code="45" name="Net-(LPC1-Pad24)">
      <node ref="U3" pin="4"/>
      <node ref="LPC1" pin="24"/>
    </net>
    <net code="46" name="5V_POWER">
      <node ref="U6" pin="1"/>
      <node ref="U1" pin="3"/>
      <node ref="LPC1" pin="2"/>
      <node ref="U2" pin="3"/>
      <node ref="R1" pin="1"/>
      <node ref="R2" pin="1"/>
    </net>
  </nets>
</export>
